<?xml version="1.0" encoding="UTF-8"?>
<!DOCTYPE suite SYSTEM "https://testng.org/testng-1.0.dtd">
<suite name="Suite" verbose="5">

	<parameter name="url"
		value="http://leaftaps.com/opentaps/control/login"></parameter>
	<parameter name="username" value="DemoCSR"></parameter>
	<parameter name="password" value="crmsfa"></parameter>

	<test thread-count="5" name="Test">
		<classes>
			<class name="week5.day2.assignment1.CreateLead" />
			<class name="week5.day2.assignment1.EditLead" />
			<class name="week5.day2.assignment1.DuplicateLead" />
			<class name="week5.day2.assignment1.FindLead" />
			<class name="week5.day2.assignment1.DeleteLead" />
		</classes>
	</test> <!-- Test -->

</suite> <!-- Suite -->
